frase,situacao
"sinto dor no peito e falta de ar","alto risco"
"tenho uma dor forte no peito que irradia para o braço esquerdo","alto risco"
"acordei com aperto no peito e suor frio","alto risco"
"estou com dor no peito há quarenta minutos e não passa","alto risco"
"sinto o peito apertado e enjoo junto com suor","alto risco"
"tenho falta de ar mesmo parado sem fazer nada","alto risco"
"acordo de madrugada sufocado precisando sentar para respirar","alto risco"
"desmaiei hoje enquanto caminhava na rua","alto risco"
"minha visão escureceu e eu caí no chão","alto risco"
"meu coração dispara e depois eu fico tonto quase desmaiando","alto risco"
"sinto o coração falhando batidas há duas horas sem parar","alto risco"
"meu braço ficou dormente de repente e minha fala embolou","alto risco"
"perdi a força de um lado do corpo agora de manhã","alto risco"
"a boca ficou torta e eu não consigo levantar o braço","alto risco"
"tenho dor no peito que começa quando ando e melhora quando paro","alto risco"
"sinto dor no peito ao subir escada desde a semana passada","alto risco"
"minhas pernas estão muito inchadas e ganhei peso rápido em poucos dias","alto risco"
"preciso de três travesseiros para dormir senão me falta o ar","alto risco"
"tive dor no peito com palpitação e quase desmaiei","alto risco"
"estou com falta de ar progressiva há três dias e piorou hoje","alto risco"
"sinto dor no peito irradiando para a mandíbula e para as costas","alto risco"
"tive uma dor no peito muito forte que me acordou de madrugada","alto risco"
"minha pressão está muito alta e estou com dor de cabeça forte e visão embaçada","alto risco"
"tive tontura com fala arrastada por alguns minutos hoje cedo","alto risco"
"sinto queimação no peito com suor frio e falta de ar","alto risco"
"tenho cansaço extremo que me impede de andar até o portão","alto risco"
"o coração está muito acelerado há uma hora mesmo em repouso","alto risco"
"sinto dor no peito quando faço qualquer esforço desde ontem","alto risco"
"apaguei por alguns segundos e acordei no chão","alto risco"
"tenho dor no peito e dormência no braço esquerdo","alto risco"
"estou suando frio com náusea e peso no peito","alto risco"
"não consigo completar uma frase de tanta falta de ar","alto risco"
"senti uma pontada no peito com palpitação e escurecimento da vista","alto risco"
"tenho tosse com falta de ar à noite e pernas inchadas","alto risco"
"a dor no peito voltou três vezes hoje mesmo em repouso","alto risco"
"tive um leve incômodo nas costas","baixo risco"
"senti uma fisgada rápida no peito ao me virar na cama que durou dois segundos","baixo risco"
"estou com dor muscular no ombro depois de carregar caixas","baixo risco"
"minha perna doeu um pouco depois da caminhada de ontem","baixo risco"
"tenho azia depois de comer comida gordurosa","baixo risco"
"senti um incômodo leve na barriga que já passou","baixo risco"
"estou um pouco cansado porque dormi mal essa noite","baixo risco"
"tive dor de cabeça leve no fim do dia e melhorou com água","baixo risco"
"meu joelho dói quando eu subo escada mas não sinto mais nada","baixo risco"
"senti o peito doer quando apertei com o dedo no lugar","baixo risco"
"estou com o nariz entupido e espirrando desde ontem","baixo risco"
"tive uma câimbra na panturrilha durante a noite","baixo risco"
"minha garganta está um pouco irritada de manhã","baixo risco"
"senti tontura rápida ao levantar do sofá e já melhorou","baixo risco"
"estou com o corpo dolorido depois da academia","baixo risco"
"tive um incômodo nas costas ao ficar muito tempo sentado no trabalho","baixo risco"
"minha pele coça um pouco depois do banho quente","baixo risco"
"senti o coração acelerar quando tomei café e passou em um minuto","baixo risco"
"tenho um leve zumbido no ouvido às vezes","baixo risco"
"meu pé inchou um pouco depois do voo longo e voltou ao normal","baixo risco"
"estou com dor no pescoço de dormir em posição ruim","baixo risco"
"senti falta de ar no fim de uma corrida longa e recuperei em dois minutos","baixo risco"
"tive um pouco de sono à tarde depois do almoço","baixo risco"
"minha mão está dormente porque dormi em cima do braço","baixo risco"
"tive uma dor de estômago leve que melhorou depois de comer","baixo risco"
"estou com o lábio rachado por causa do tempo seco","baixo risco"
"senti uma pontada no peito ao respirar fundo depois de rir muito e já passou","baixo risco"
"tenho um leve inchaço no tornozelo que torci semana passada","baixo risco"
"estou com dor lombar leve desde que troquei de colchão","baixo risco"
"meu olho está ardendo de tanto usar o computador","baixo risco"
"senti calor no rosto depois de tomar sol e já normalizou","baixo risco"
"tive soluço por alguns minutos hoje de manhã","baixo risco"
"estou com uma unha encravada que incomoda ao andar","baixo risco"
"senti o estômago embrulhado depois de comer fritura","baixo risco"
"tenho um cansaço normal no fim da semana de trabalho","baixo risco"
